{"loss": [1.3313298225402832, 0.4367833137512207, 0.264282763004303, 0.18374191224575043, 0.1357373595237732, 0.10433142632246017, 0.08552461862564087, 0.07871309667825699, 0.06328780949115753, 0.05663583427667618], "accuracy": [0.6064727306365967, 0.8614553213119507, 0.9145885109901428, 0.94121915102005, 0.9559712409973145, 0.9660431146621704, 0.9724588990211487, 0.9744647741317749, 0.9794152975082397, 0.9816629886627197], "val_loss": [0.5345107913017273, 0.3402155041694641, 0.22951418161392212, 0.15902696549892426, 0.149388387799263, 0.12008891254663467, 0.1358059048652649, 0.1259388029575348, 0.12369528412818909, 0.10740897059440613], "val_accuracy": [0.834054172039032, 0.8939221501350403, 0.9276121258735657, 0.949066698551178, 0.9522535800933838, 0.963350772857666, 0.960050106048584, 0.9613589644432068, 0.9644320607185364, 0.9702936410903931]}