{"loss": [1.3905301094055176, 0.46596845984458923, 0.2738947868347168, 0.1906346082687378, 0.1422731876373291, 0.11022275686264038, 0.09241373091936111, 0.07357040792703629, 0.06618513911962509, 0.06165274605154991], "accuracy": [0.5904971957206726, 0.8516110777854919, 0.9115726351737976, 0.9379187822341919, 0.9533252716064453, 0.963169515132904, 0.9694288372993469, 0.9753040671348572, 0.9777793288230896, 0.9801835417747498], "val_loss": [0.5375133156776428, 0.3223627805709839, 0.23333358764648438, 0.2117178589105606, 0.19703248143196106, 0.1692609041929245, 0.1488553285598755, 0.1924711912870407, 0.12005134671926498, 0.09356249123811722], "val_accuracy": [0.8338265419006348, 0.8976781368255615, 0.9226041436195374, 0.9297746419906616, 0.9363760352134705, 0.9481561779975891, 0.9533348679542542, 0.9396767616271973, 0.9636353254318237, 0.972456157207489]}